Compiled by naiyt,,,,,,,,,,,,,,,,
Used on MugenMonkey,,,,,,,,,,,,,,,,
Mined with:,BinderTool,BigHat,,,,,,,,,,,,,,
,,,,,,,,,,,,,,,,
name,weight,physical,vs_strike,vs_slash,vs_thrust,magic,fire,lightning,dark,bleed,poison,frost,curse,poise,armor_type,armor_set
Crown Of Dusk,1,0.8,0,0.2,0,0,4,3,3.2,5,12,8,33,0,Head,Antiquated Set
Antiquated Dress,3.1,3.2,3.6,3.2,3.2,12.3,13.9,11.8,13.2,21,38,27,86,1.2,Body,Antiquated Set
Antiquated Gloves,1.1,0.9,1,0.9,0.9,3.3,3.7,3.2,3.6,8,13,10,29,0.6,Arms,Antiquated Set
Antiquated Skirt,2.1,1.6,1.9,1.6,1.4,6.7,7.5,6.4,7,13,23,16,54,0.4,Legs,Antiquated Set
Archdeacon White Crown,1.8,1.6,2.7,1.9,1.9,5,4.6,5,5.4,11,19,19,38,1.6,Head,Archdeacon Set
Archdeacon Holy Garb,4.2,3.7,6.8,4.4,4.4,12.4,11.5,12.4,13.7,18,39,37,83,3.4,Body,Archdeacon Set
Archdeacon Skirt,2.6,2.4,4.2,2.9,2.9,7.7,7.2,7.7,8.5,14,27,26,55,2.7,Legs,Archdeacon Set
Iron Helm,6,4.7,4.9,4.5,4.5,4.7,4.7,4.5,4.7,17,17,17,15,6,Head,Armor of the Sun Set
Armor of the Sun,8.6,11.2,8.3,11.2,11.2,10.5,10.5,9.8,10.5,34,28,31,26,11.3,Body,Armor of the Sun Set
Iron Bracelets,2.9,2.4,1.6,2.4,2.4,2.2,2.2,2,2.2,11,9,10,9,2.2,Arms,Armor of the Sun Set
Iron Leggings,5,5.9,4.2,5.9,5.9,5.5,5.5,5.1,5.5,21,17,19,16,6.4,Legs,Armor of the Sun Set
Helm Of Favor,5.9,4.3,3.9,4.2,4.3,3.5,3.7,2.5,3.7,30,23,25,18,5.4,Head,Armor of Favor Set
Embraced Armor of Favor,13.2,12.5,11.6,12.3,12.5,10.6,11.1,7.7,11.1,63,46,51,35,16.5,Body,Armor of Favor Set
Gauntlets of Favor,4.1,3.4,3.1,3.4,3.4,2.8,3,2,3,19,13,14,10,3.9,Arms,Armor of Favor Set
Helm Of Thorns,3.8,3.7,2.6,4.5,3.9,2.3,2.3,2.3,1.8,30,13,15,11,2.2,Head,Armor of Thorns Set
Armor of Thorns,8.5,11,8.1,13.1,11.5,7.3,7.3,7.3,5.9,66,27,33,22,7.5,Body,Armor of Thorns Set
Gauntlets of Thorns,2.8,2.8,2.1,3.4,2.9,1.9,1.9,1.9,1.6,21,8,10,7,1.8,Arms,Armor of Thorns Set
Leggings of Thorns,5.4,6,4.3,7.3,6.3,3.8,3.8,3.8,3,42,18,22,15,4.2,Legs,Armor of Thorns Set
Alva Helm,4.2,4.2,3.4,4.2,4,3.1,3.8,3.1,3.6,28,18,19,12,3.7,Head,Alva Set
Alva Armor,9,11.9,9.5,11.9,11.4,8.8,10.9,8.8,10.2,59,35,37,21,11,Body,Alva Set
Alva Gauntlets,3.3,2.9,2.3,2.9,2.8,2.1,2.7,2.1,2.5,22,14,15,10,2.5,Arms,Alva Set
Alva Leggings,5.5,6.8,5.4,6.8,6.5,5,6.2,5,5.8,36,21,22,12,6.7,Legs,Alva Set
Assassin Hood,1.8,1.9,2.7,1.9,2.2,3.3,4.3,3.3,2.5,17,27,20,20,1,Head,Assassin Set
Assassin Armor,6.9,8.6,10,8.6,9.3,10.4,11.4,10.4,9,40,62,47,52,4.8,Body,Assassin Set
Assassin Gloves,2,2,1.2,2.3,1.8,2.6,2.7,1.9,1.5,12,20,13,16,0.4,Arms,Assassin Set
Assassin Trousers,4.3,5.2,3.8,6,4.8,6.6,6.9,5.2,4.3,29,43,32,38,2.1,Legs,Assassin Set
Black Knight Helm,5.6,4.7,3.8,4.3,4.2,3.2,4.5,3,3.6,27,19,19,19,3.9,Head,Black Knight Set
Black Knight Armor,13.9,13.8,11.7,12.7,12.6,10.5,13.7,9.8,11.5,58,42,39,39,14,Body,Black Knight Set
Black Knight Gauntlets,4,3.4,2.9,3.3,3.1,2.5,3.4,2.3,2.8,18,12,11,11,3.3,Arms,Black Knight Set
Black Knight Leggings,8.5,8.1,6.7,7.6,7.4,6.2,8.3,5.8,6.9,38,27,26,26,8.2,Legs,Black Knight Set
Black Hand Hat,2.5,2.6,2.1,3.8,2.9,4.2,4.4,3.3,2.7,19,30,21,25,1.1,Head,Black Hand Set
Black Hand Armor,7.8,9,8.1,11.5,9.7,12.6,12.8,10.4,9,46,67,51,58,4.9,Body,Black Hand Set
Black Iron Helm,6.8,5.1,4.3,5.4,5.3,4.6,5.7,4.2,4.6,26,19,21,13,6.7,Head,Black Iron Set
Black Iron Armor,16.6,14.6,11.7,14.6,14.2,12,15.1,11,12,65,51,57,35,18.7,Body,Black Iron Set
Black Iron Gauntlets,5.3,3.7,2.8,3.7,3.5,2.7,3.7,2.7,2.9,24,16,20,14,3.8,Arms,Black Iron Set
Black Iron Leggings,9.9,8.7,6.7,8.5,8.3,7.2,8.9,6.6,7.2,42,32,35,24,11.8,Legs,Black Iron Set
Black Dress,6.5,7.7,7.7,10,6.8,9.7,12.5,10.9,12.1,40,60,47,71,2.2,Body,Black Set
Black Gauntlets,3.5,3.2,2.4,3.4,2.9,2.1,3.2,2.2,3.4,19,13,11,15,2.3,Arms,Black Set
Black Leggings,4.5,5.2,5.2,6.4,4.7,6.7,8.1,7.3,7.8,26,38,32,46,2.8,Legs,Black Set
Thief Mask,2.1,2.2,2.5,2.2,2.2,2.2,2.5,2.8,2.2,23,26,21,17,0.6,Head,Black Leather Set
Black Leather Armor,5.9,8.7,7.8,9.4,6.9,8.6,7.8,10.4,8.2,46,65,55,46,5.2,Body,Black Leather Set
Black Leather Gloves,2.3,2.2,2,2.3,1.8,2.1,1.9,2.9,2.3,14,20,18,14,1.7,Arms,Black Leather Set
Black Leather Boots,3.6,4.8,4.3,5.2,3.8,4.8,4.3,5.6,4.3,25,37,31,25,2.3,Legs,Black Leather Set
Brass Helm,4.7,4.5,3.5,4.4,4.1,4.6,3.4,2.3,3.4,27,15,17,13,3.1,Head,Brass Set
Brass Armor,10.7,13,10.1,12.7,11.8,13.3,10,6.9,10,60,33,36,27,9.9,Body,Brass Set
Brass Gauntlets,3.5,3.4,2.6,3.3,3.1,3.5,2.7,1.9,2.7,19,10,11,8,2.4,Arms,Brass Set
Brass Leggings,6.8,7.6,5.9,7.5,6.9,7.9,6,4.2,6,39,22,24,18,6.3,Legs,Brass Set
Brigand Hood,2.7,3.5,3.2,3.5,3.5,2.7,3,3.3,2.7,19,29,28,19,1.4,Head,Brigand Set
Brigand Armor,4.8,9,8.1,9,9,5.9,7.3,8.2,5.9,37,59,57,37,2.9,Body,Brigand Set
Brigand Gauntlets,2.4,2.5,2.3,2.5,2.5,1.9,2.1,2.3,1.9,14,20,19,14,1,Arms,Brigand Set
Brigand Trousers,5,6,5.6,6,6,4.8,5.2,5.6,4.8,32,43,41,32,3.1,Legs,Brigand Set
Catarina Helm,7.7,5.4,4.6,5.6,5,4.3,4.7,5.5,5,34,27,27,17,7.4,Head,Catarina Set
Catarina Armor,17.9,14.7,12.8,15.4,14.1,11.4,12.4,14.6,13.1,74,57,57,33,20.6,Body,Catarina Set
Catarina Gauntlets,6,3.8,3.4,4.2,3.7,3,3.3,3.8,3.4,29,22,22,14,4.5,Arms,Catarina Set
Catarina Leggings,11.1,8.5,7.4,9.3,8.3,6,6.6,7.8,6.8,47,35,35,21,12.8,Legs,Catarina Set
Cathedral Knight Helm,7.6,4.9,4.9,4.4,5.2,4.7,4.3,4.6,3.9,28,26,26,20,6.6,Head,Cathedral Knight Set
Cathedral Knight Armor,17.8,14.8,14.8,13.6,15.7,14.4,13.3,14.1,12.2,66,62,62,47,20.4,Body,Cathedral Knight Set
Cathedral Knight Gauntlets,5.5,3.8,3.7,3.5,3.9,3.6,3.4,3.6,3,22,21,21,15,4.7,Arms,Cathedral Knight Set
Cathedral Knight Leggings,10.2,7.7,7.6,7,8,7.4,6.9,7.3,5.9,40,38,38,26,11.6,Legs,Cathedral Knight Set
Chain Helm,3.9,3.8,2.2,4.3,3.4,2.6,2,1.1,2.9,28,15,15,11,1.9,Head,Chain Set
Chain Armor,8.8,11.1,6.8,12.6,10,8.3,6.6,4.2,9,63,33,33,22,6.8,Body,Chain Set
Leather Gauntlets,2.5,2.2,2,2.9,2,3.2,2.6,3.2,3.3,18,18,16,16,1.1,Arms,Chain Set
Chain Leggings,5.1,6.7,4.2,7.6,6,5.5,4.5,3.1,5.9,36,17,17,10,4.9,Legs,Chain Set
Cleric Hat,1.4,1.9,1.4,1.4,1.6,5,3.8,4.9,5,18,25,12,29,0.5,Head,Cleric Set
Cleric Blue Robe,6,4.9,7.3,6,4.2,12.8,12.3,13.2,13.2,45,61,49,68,1.4,Body,Cleric Set
Cleric Gloves,1.5,1.1,0.7,0.7,0.9,2.8,2.1,2.8,2.9,17,21,11,25,0.5,Arms,Cleric Set
Cleric Trousers,2.1,2.4,1.6,1.6,1.9,6.9,5,6.8,7,26,36,18,42,0.7,Legs,Cleric Set
Conjurator Hood,1.8,1.5,1.5,1.5,1.3,4.4,5.1,5,4.6,13,27,19,26,0.6,Head,Conjurator Set
Conjurator Robe,4.2,3.8,3.8,3.8,3.2,11.7,13.6,13.3,12.2,31,63,44,61,1.1,Body,Conjurator Set
Conjurator Manchettes,1.4,0.8,0.8,0.8,0.6,2.7,3.2,3.1,2.9,10,21,15,20,0.1,Arms,Conjurator Set
Conjurator Boots,2.6,2.3,2.3,2.3,2,7,8.1,7.9,7.3,19,39,27,38,1,Legs,Conjurator Set
Court Sorcerer Hood,1.5,0.9,1.1,0.9,1.1,4.1,3.7,4.5,4.4,14,21,15,33,0.1,Head,Court Sorcerer Set
Court Sorcerer Robe,4.2,3.6,4.4,3.6,4.4,12.3,11.6,13.5,13.2,29,46,32,74,1.6,Body,Court Sorcerer Set
Court Sorcerer Gloves,1,1,1.1,1,1.1,3.2,3,3.6,3.5,7,12,7,21,0.5,Arms,Court Sorcerer Set
Court Sorcerer Trousers,2.2,2.2,2.5,2.2,2.5,7.4,6.8,8,7.9,19,29,21,47,1.1,Legs,Court Sorcerer Set
Old Sage's Blindfold,1,0.8,0.8,0.8,0.8,4,4.4,3.8,4.2,10,14,11,28,0,Head,Cornyx's Set
Cornyx's Garb,4.1,4.1,4.1,4.8,3.5,13,13.7,12.8,13.2,22,40,30,88,4.9,Body,Cornyx's Set
Cornyx's Wrap,1.3,0.9,0.9,1.1,0.8,3.6,3.4,3.3,3.4,7,13,11,26,0.8,Arms,Cornyx's Set
Cornyx's Skirt,2,1.7,1.7,1.7,1.5,6.9,7.1,6.6,7,15,24,18,48,1.4,Legs,Cornyx's Set
Dancer's Crown,2.8,3.3,1.8,4.4,4,2.7,2.2,2.5,2.8,14,10,23,7,1.5,Head,Dancer's Set
Dancer's Armor,7.3,10.5,7.4,12.2,11.7,8.3,6,9.1,9.8,41,33,55,22,6.7,Body,Dancer's Set
Dancer's Gauntlets,2.4,2.8,2,3.2,3.1,2.2,1.7,2.4,2.6,15,12,20,9,1.7,Arms,Dancer's Set
Dancer's Leggings,4.4,6,4.2,7,6.7,4.7,3.4,4.7,5.1,22,17,31,10,3.6,Legs,Dancer's Set
Dark Mask,4,4.3,3.1,3.9,3.7,3.1,2.5,1.3,3.1,18,14,15,7,2.7,Head,Dark Set
Dark Armor,9.1,12.5,9.2,11.6,11.1,9.2,7.7,4.4,9.2,38,30,33,14,8.8,Body,Dark Set
Dark Gauntlets,3.2,3.5,2.6,3.2,3.1,2.6,2.2,1.4,2.6,12,9,10,4,2.3,Arms,Dark Set
Dark Leggings,6.1,7.8,5.7,7.1,6.8,6.1,5.3,2.9,6.1,26,20,23,10,6.4,Legs,Dark Set
Leggings of Favor,7.7,7.4,6.8,7.4,7.5,6.1,6.5,4.3,6.5,41,29,32,24,9.9,Legs,Armor of Favor Set
Billed Mask,3.7,4,2.8,4.3,3.6,2.6,4.1,2,3.7,24,16,14,18,2.2,Head,Black Set
Deacon Robe,3.5,3.6,3.6,4.4,3.6,12.5,12.7,11.6,13.2,19,40,33,79,1,Body,Deacon Set
Deacon Skirt,2.3,1.1,1.7,2.1,1.7,6.8,6.9,6.3,7.2,13,26,22,50,1.1,Legs,Deacon Set
Steel Soldier Helm,4.6,4.3,3.6,4.2,4.2,2.6,2.9,2,3.7,27,18,18,13,3.2,Head,Deserter Set
Deserter Armor,8.6,11.7,9.3,11.7,11.1,6.6,7.5,4.2,10.4,50,33,36,22,8.6,Body,Deserter Set
Deserter Trousers,3.1,4.2,4.7,4.2,4.2,5,5,5.9,7,21,34,28,25,2.1,Legs,Deserter Set
Drakeblood Helm,6.3,4.8,4.7,5.1,4.6,4.8,4.4,4,4,34,19,21,15,5,Head,Drakeblood Set
Drakeblood Armor,14.4,13.3,13,14,12.7,13,12.1,11.1,11.1,78,43,46,33,14.6,Body,Drakeblood Set
Drakeblood Gauntlets,4.8,3.2,3.1,3.3,3,3,2.9,2.6,2.6,25,13,14,9,3.4,Arms,Drakeblood Set
Drakeblood Leggings,8.6,7.3,7.2,7.7,7,7.1,6.6,6,6,45,23,25,17,8.6,Legs,Drakeblood Set
Drang Armor,5.1,9.3,8.6,7.7,5.5,9.7,7.5,10.9,9.7,42,62,66,45,0.8,Body,Drang Set
Drang Gauntlets,1.7,2.1,1.9,1.7,1.1,2,1.4,2.3,2,13,19,21,14,0.3,Arms,Drang Set
Drang Shoes,4.2,4.7,5.2,5.2,5.2,6.3,5,7,6.3,24,37,39,26,1.3,Legs,Drang Set
Golden Crown,3.5,3.6,3,3,2.2,4.2,4.8,3.8,4.2,21,29,28,27,2.2,Head,Dragonscale Set
Dragonscale Armor,12.7,13.7,12.2,13.1,12.2,9.9,13.4,6.1,9.9,62,43,46,28,16.1,Body,Dragonscale Set
Golden Bracelets,1.5,1.7,1.9,1.5,0.9,1.7,2.3,1.7,1.7,10,18,16,13,0.2,Arms,Dragonscale Set
Dragonscale Waistcloth,6.3,7.1,5.9,6.8,5.9,4.1,6.8,1.8,4.1,31,21,22,10,7.4,Legs,Dragonscale Set
Dragonslayer Helm,5.8,4.6,3.8,4.6,4.6,3.5,4.1,4.1,2.6,28,18,18,16,4.8,Head,Dragonslayer Set
Dragonslayer Armor,14.4,14,12.2,14.1,14.1,12.4,13.5,13.5,10,64,40,43,36,17.3,Body,Dragonslayer Set
Dragonslayer Gauntlets,4.2,3.5,2.9,3.5,3.5,3.2,3.6,3.6,2.4,21,13,14,12,3.7,Arms,Dragonslayer Set
Dragonslayer Leggings,8.4,7.4,6.2,7.4,7.4,6,6.8,6.8,4.5,38,23,24,21,9.1,Legs,Dragonslayer Set
Eastern Helm,3.9,4.1,2.5,4.8,3.7,1.6,3.4,1.2,1.6,32,12,15,9,3.3,Head,Eastern Set
Eastern Armor,11,12.6,8.6,14.2,11.5,6.7,11.5,5.3,6.7,87,37,43,25,12.4,Body,Eastern Set
Eastern Gauntlets,2.9,2.8,2.2,3.3,2.5,1.8,3.1,1.5,1.8,25,9,11,7,2.6,Arms,Eastern Set
Eastern Leggings,5,5.1,4.7,7.3,4.6,5.4,7.2,6.6,5.4,47,40,41,39,4.3,Legs,Eastern Set
Elite Knight Helm,5.3,4.5,3.7,4.3,4.2,3.7,4.1,3.1,3.5,24,15,15,9,4,Head,Elite Knight Set
Elite Knight Armor,8.9,12.1,9.2,12.1,11.1,9.2,10.6,6.8,8.5,46,32,33,18,8.8,Body,Elite Knight Set
Elite Knight Gauntlets,3.4,3.4,2.8,3.4,3.4,2.6,3,2,2.4,18,13,14,9,2.3,Arms,Elite Knight Set
Elite Knight Leggings,6.9,7.8,6.5,7.6,7.4,6.5,7.1,5.3,6.1,38,25,26,16,7,Legs,Elite Knight Set
Evangelist Hat,3.5,3.5,4.3,3.2,2.9,4.1,4.6,4.6,2.9,15,27,24,25,2.1,Head,Evangelist Set
Evangelist Robe,12.2,12.8,12.3,12.3,11.6,10.6,12.3,9.9,6.8,49,42,38,35,12.5,Body,Evangelist Set
Evangelist Gloves,2.4,1.8,2.5,1.6,1.4,2.4,2.8,2.8,1.4,13,22,19,21,0.7,Arms,Evangelist Set
Evangelist Trousers,4.6,5.5,6.9,5.1,4.6,6.6,7.3,7.3,4.6,22,39,35,37,3.6,Legs,Evangelist Set
Executioner Helm,7.2,5.3,4.2,5.3,4.9,4.8,4.9,3.8,4.6,31,28,29,21,6.6,Head,Executioner Set
Executioner Armor,16.8,14.7,11.9,14.1,14.5,13.3,14.1,10.9,13,65,58,61,42,19.2,Body,Executioner Set
Executioner Gauntlets,5.6,3.7,2.9,3.7,3.4,3.3,3.5,2.7,3.2,24,22,23,17,4.3,Arms,Executioner Set
Executioner Leggings,10.4,8.4,6.8,8.1,8.3,7.7,7.9,6.2,7.4,39,35,37,25,11.8,Legs,Executioner Set
Exile Mask,7.5,5.1,5,6,4.8,4.3,4.8,3.4,4.4,39,29,24,19,7.6,Head,Exile Set
Exile Armor,18.1,14.7,14.3,13.7,13.3,12.2,13.9,12.4,12.8,97,74,62,50,19.9,Body,Exile Set
Exile Gauntlets,5.8,3.8,3.6,3.5,3.4,3.1,3.6,3.3,3.4,33,25,22,17,4.3,Arms,Exile Set
Exile Leggings,10.9,8.7,8.4,8,7.8,7.3,8.3,7.4,7.6,57,43,35,28,12.7,Legs,Exile Set
Fallen Knight Helm,4.6,4.4,4.2,3.6,4,2.9,4.2,3.5,2.6,21,14,19,12,3.5,Head,Fallen Knight Set
Fallen Knight Armor,9.2,12.6,12.2,10,11.1,8.3,12.5,10.4,9,43,28,39,22,8.7,Body,Fallen Knight Set
Fallen Knight Gauntlets,3.1,3.3,3.2,2.6,2.9,2.4,3.7,3,2.2,11,5,10,4,2.1,Arms,Fallen Knight Set
Fallen Knight Trousers,5.3,7.3,7,5.6,6.4,5,7.8,6.3,5.5,22,10,20,9,4.9,Legs,Fallen Knight Set
Faraam Helm,6.6,4.9,4.7,4.7,4.5,4,4.4,4.2,4.2,27,22,28,14,6.1,Head,Faraam Set
Faraam Armor,13.1,13,12.7,12.7,12.3,10,11.7,10.7,10.7,59,40,60,27,15.5,Body,Faraam Set
Faraam Gauntlets,4.8,3.3,3.4,3.2,3.1,2.9,3.3,3,3,21,16,22,11,4,Arms,Faraam Set
Faraam Boots,6.8,7.2,7.2,7.2,6.6,5.2,6.4,5.6,5.6,34,24,37,15,8,Legs,Faraam Set
Fire Keeper Robe,5.1,5.7,7.1,7.1,8,7.1,11.9,8.8,12.4,36,54,49,42,1.9,Body,Fire Keeper Set
Fire Keeper Gloves,1.3,0.8,0.9,1.1,0.7,3.1,3.3,2.9,3.6,9,15,11,23,0.2,Arms,Fire Keeper Set
Fire Keeper Skirt,2.1,1.9,2.6,1.9,1.9,7.1,7.6,6.8,8.3,13,24,18,40,0.5,Legs,Fire Keeper Set
Fire Witch Helm,3.9,4.7,2.3,3.7,3.7,4.1,4.5,2.8,3.9,18,13,15,11,3,Head,Fire Witch Set
Fire Witch Armor,11.1,12.8,7.7,10.6,10.6,11.6,12.3,8.5,11.1,47,34,36,27,9.8,Body,Fire Witch Set
Fire Witch Gauntlets,2.6,2.8,1.4,2.4,2.2,2.4,2.6,1.4,2.2,15,10,12,9,1.5,Arms,Fire Witch Set
Fire Witch Leggings,5.5,7.4,3.5,5.7,5.7,6.5,7.1,4.3,6.1,24,16,20,13,5.3,Legs,Fire Witch Set
Firelink Helm,4.1,4.7,2.5,4.6,4.4,2.6,4.4,1.8,1.4,20,12,16,8,4.1,Head,Firelink Set
Firelink Armor,8.6,11.9,8,12.6,10.2,6.9,10.7,5.5,5.5,47,30,43,19,8.9,Body,Firelink Set
Firelink Gauntlets,2.7,2.3,2.1,2.7,1.9,3,3.3,3.1,2.5,16,22,24,21,1.4,Arms,Firelink Set
Firelink Leggings,4.8,5.4,5,6.2,4.5,6,7.3,7,5.6,28,40,44,37,3.5,Legs,Firelink Set
Grave Warden Hood,1.5,1.5,1.2,2.9,1.8,3.3,3.3,4,1.4,30,28,8,25,0.5,Head,Grave Warden Set
Grave Warden Robe,3.6,4.1,3.1,8.1,4.8,9,9,11.1,3.6,63,59,13,51,1,Body,Grave Warden Set
Grave Warden Skirt,2.2,2,1.5,4.3,2.5,4.8,4.8,6,1.7,42,40,11,35,0.3,Legs,Grave Warden Set
Hard Leather Armor,8.3,10.3,10.8,10.3,10.3,8.7,9.4,7,8.7,47,64,59,52,6.8,Body,Hard Leather Set
Hard Leather Gauntlets,2,2.1,2.2,2.1,2.1,1.5,1.7,1,1.5,16,22,21,17,0.8,Arms,Hard Leather Set
Hard Leather Boots,4.7,5.1,5.5,5.1,5.1,4.1,4.6,2.8,4.1,26,38,35,29,2.9,Legs,Hard Leather Set
Havel's Helm,11.2,5.8,5.2,5.5,5.2,5,5.9,4.6,5,31,30,30,26,10.2,Head,Havel's Set
Havel's Armor,22.4,16.2,14.5,15.4,14.5,14.1,16.3,12.8,14.1,72,69,69,61,27.4,Body,Havel's Set
Havel's Gauntlets,9.4,4,3.6,3.8,3.6,3.5,4.1,3.2,3.5,24,23,23,20,7.2,Arms,Havel's Set
Havel's Leggings,15.9,9.3,8.3,8.9,8.3,8.1,9.4,7.3,8.1,45,43,43,38,17.6,Legs,Havel's Set
Herald Helm,3.7,4.2,2.5,4.2,4,3.5,3.2,1.6,3.2,24,14,17,10,3.4,Head,Herald Set
Herald Armor,8.6,12.4,8,12.6,11.9,9.2,8.4,3.8,8.4,52,30,36,19,9.5,Body,Herald Set
Herald Gloves,2.9,3.1,2.1,3.1,2.9,1.7,2.1,0.7,1.5,16,12,12,8,1.6,Arms,Herald Set
Herald Trousers,5.3,7.1,6.5,6.8,6.5,4.6,4.6,1.8,4.1,26,20,20,11,5.1,Legs,Herald Set
Aristocrat's Mask,5.9,5.3,2.2,5,4.9,3.9,4.1,2.1,3.6,25,17,17,28,6.1,Head,Aristocrat's Set
Jailer Robe,4.8,8.2,4.2,8.2,6,13.5,13.1,11.4,13.5,24,37,32,87,2,Body,Jailer Set
Jailer Gloves,1.6,1.7,0.7,1.7,1.1,2.7,2.6,2.2,2.7,10,15,13,32,0.3,Arms,Jailer Set
Jailer Trousers,2.8,4.2,1.9,4.2,3,6.9,6.7,5.7,6.9,12,22,19,53,1,Legs,Jailer Set
Knight Helm,5.2,4.7,4,4.5,4.4,2.7,3.8,2.4,3,22,17,18,12,4.4,Head,Knight Set
Knight Armor,10.8,13.2,11.1,12.7,12.6,7.6,11,6.7,8.4,45,36,38,24,12.4,Body,Knight Set
Knight Gauntlets,3.6,3.6,3,3.5,3.4,2.3,2.9,2.1,2.5,14,12,11,7,2.5,Arms,Knight Set
Knight Leggings,6.7,7.9,6.7,7.7,7.6,4.9,6.2,4.4,5.4,26,23,22,13,7.4,Legs,Knight Set
Pharis's Hat,2.3,2.7,2.2,2.7,2.7,3.6,3.9,4.1,3.6,17,26,24,20,1.4,Head,Leather Set
Leather Armor,5.4,6.8,6.8,6.8,6.8,8.3,9,9.7,8.3,36,58,58,43,3.3,Body,Leather Set
Leather Gloves,1.5,1.4,1.4,1.4,1.4,1.9,2.1,2.3,1.9,11,18,17,13,0.1,Arms,Leather Set
Leather Boots,3.3,4.2,4.2,4.2,4.2,5.5,5.9,6.3,5.5,24,37,37,28,2.8,Legs,Leather Set
Silver Mask,3.3,3.3,3.9,3.3,3.3,3.5,4.2,3.3,2.8,19,27,28,27,1.9,Head,Leonhard's Set
Leonhard's Garb,6.9,9.8,9.8,9.1,9.8,12.2,12.7,9.8,8.3,41,55,62,55,6,Body,Leonhard's Set
Leonhard's Gauntlets,2.8,2.6,3,2.8,2.6,3.4,3.4,2.8,2.4,12,18,18,18,1.9,Arms,Leonhard's Set
Leonhard's Trousers,3.6,4.2,5.1,4.2,4.7,6.2,6.5,4.7,3.7,21,28,34,28,2.3,Legs,Leonhard's Set
Lothric Knight Helm,6,4.8,3.8,5,4.6,4,4.6,2.8,3.6,31,18,22,14,5.7,Head,Lothric Knight Set
Lothric Knight Armor,15.7,14,11.9,14.9,13.3,12.4,13.5,9.5,11.4,75,43,58,34,18.4,Body,Lothric Knight Set
Lothric Knight Gauntlets,5,3.4,2.8,3.6,3.2,2.9,3.3,2.1,2.7,25,15,19,12,4.1,Arms,Lothric Knight Set
Lothric Knight Leggings,9.3,7.9,6.5,8.3,7.4,6.8,7.6,5,6.2,44,24,32,20,10.9,Legs,Lothric Knight Set
Morne's Helm,8.1,5.5,5,5.5,5.3,5.4,5.2,5.1,3.8,31,17,27,17,6.9,Head,Morne's Set
Morne's Armor,16.3,14.3,12.8,13.9,13.7,13.6,13.3,13.1,8.6,67,39,60,37,18.2,Body,Morne's Set
Morne's Gauntlets,5,3.3,3,3.2,3.1,3.1,3,3,1.5,21,12,18,11,3.6,Arms,Morne's Set
Morne's Leggings,9.7,8.3,7.5,8,7.8,7.9,7.8,7.6,4.7,40,23,36,22,11.1,Legs,Morne's Set
Maiden Hood,1.4,1,1.2,1,0.9,4.6,4.3,4.4,4.6,8,16,12,31,0,Head,Maiden Set
Maiden Robe,3.5,3.5,4.1,3.5,3.1,13.7,12.8,13,13.7,19,38,30,75,0.7,Body,Maiden Set
Maiden Gloves,1.3,0.9,1.1,0.9,0.8,3.5,3.3,3.4,3.5,8,14,11,26,0.3,Arms,Maiden Set
Maiden Skirt,2.3,1.7,2,1.7,1.5,7.5,7,7.1,7.5,13,25,20,48,0.1,Legs,Maiden Set
Master's Attire,2,2.7,2.7,2.7,2.1,9.1,7.6,8.4,9.1,37,62,22,74,0,Body,Master's Set
Master's Gloves,0.3,0.4,0.4,0.4,0.3,1.9,1.5,1.7,1.9,14,22,9,26,0,Arms,Master's Set
Lucatiel's Mask,3.3,3.9,3.6,3,2.8,4,3.8,4.8,3.8,22,26,22,24,1.6,Head,Mirrah Set
Mirrah Vest,7,10.5,10.5,8.2,8.2,10.6,9.9,12.8,9.9,54,64,54,60,4.2,Body,Mirrah Set
Mirrah Gloves,2.1,2.1,2.1,1.5,1.5,1.9,1.7,2.5,1.7,17,21,17,19,0.2,Arms,Mirrah Set
Mirrah Trousers,3.5,5.1,5.1,3.7,3.7,5,4.6,6.4,4.6,29,37,29,32,1.2,Legs,Mirrah Set
Creighton's Steel Mask,5.9,4.3,3.7,4.7,3.9,3.7,4.1,2.2,3.9,26,19,19,12,6,Head,Mirrah Chain Set
Mirrah Chain Mail,10.6,12.7,9.8,13.6,10.5,11.2,11.2,7.4,9.1,51,33,37,26,11.3,Body,Mirrah Chain Set
Mirrah Chain Gloves,3.3,3.2,2.4,3.5,2.6,2.8,2.8,1.7,2.2,18,13,14,11,2.5,Arms,Mirrah Chain Set
Mirrah Chain Leggings,5.9,6.5,4.7,7.1,5.1,5.5,5.5,2.9,4.2,32,23,25,18,5.8,Legs,Mirrah Chain Set
Nameless Knight Helm,3.8,3.8,3.1,4.2,3.6,2.1,3.4,2.4,2.1,26,15,14,10,2.3,Head,Nameless Knight Set
Nameless Knight Armor,9.3,11.7,10,12.3,11.1,7.6,11,8.4,7.6,61,38,35,21,8.7,Body,Nameless Knight Set
Nameless Knight Gauntlets,2.8,3,2.6,3.3,2.9,2.1,3.1,2.3,2.1,19,10,9,6,2.2,Arms,Nameless Knight Set
Nameless Knight Leggings,5.6,7,6,7.4,6.7,4.9,6.9,5.4,4.9,36,22,20,11,5.9,Legs,Nameless Knight Set
Northern Helm,4.8,4.7,4.6,4.6,4.4,2.6,4.2,1.8,2.6,24,15,26,10,4,Head,Northern Set
Northern Armor,10.8,12.5,12.1,12.1,11.6,6.8,11.1,4.4,6.8,60,38,64,27,10.7,Body,Northern Set
Northern Gloves,2.3,2.2,2.8,2.2,2.2,0.8,2.5,2,0.8,15,19,24,19,0.7,Arms,Northern Set
Northern Trousers,4.3,6.1,7.5,6.1,6.1,2.9,6.8,5.7,2.9,24,32,42,32,3.1,Legs,Northern Set
Old Sorcerer Hat,1.2,1.5,1.3,1.3,1.5,4.9,4.3,4.5,4.9,11,15,12,28,0.6,Head,Old Sorcerer Set
Old Sorcerer Coat,3.7,3.6,3.1,3.1,3.6,12.7,11.6,12.1,12.7,32,40,35,70,1,Body,Old Sorcerer Set
Old Sorcerer Gauntlets,1.3,0.9,0.8,0.8,0.9,3.2,2.9,3.1,3.2,11,14,12,24,0,Arms,Old Sorcerer Set
Old Sorcerer Boots,2.3,2.1,1.8,1.8,2.1,7.3,6.7,7,7.3,18,23,20,42,1.1,Legs,Old Sorcerer Set
Outrider Knight Helm,3.8,4.3,2.8,4.2,4.2,2.3,3.1,2.3,1.1,17,12,32,5,2.8,Head,Outrider Knight Set
Outrider Knight Armor,12.3,13.2,10,12.6,12.7,9,10.9,9,6.6,50,43,91,22,12.3,Body,Outrider Knight Set
Outrider Knight Gauntlets,2.9,3.4,2.4,3.3,3.4,2.4,3,2.4,1.6,12,10,25,4,2.7,Arms,Outrider Knight Set
Outrider Knight Leggings,6.9,7.7,5.6,7.4,7.6,5.5,6.7,5.5,3.7,32,24,55,14,7.2,Legs,Outrider Knight Set
Sneering Mask,2.1,1.4,1.7,1.4,1.1,3.6,4.1,2.4,1.6,35,28,22,20,0.5,Head,Pale Shade Set
Pale Shade Robe,3.6,4.2,4.2,4.2,3.2,13.4,12.8,11.8,12.3,35,60,32,70,2,Body,Pale Shade Set
Pale Shade Gloves,1,1,1,1,0.9,3.6,3.3,3.1,3.2,9,17,8,21,0.2,Arms,Pale Shade Set
Pale Shade Trousers,2.2,1.9,1.9,1.9,1.4,7,6.7,6.1,6.4,20,35,18,44,1,Legs,Pale Shade Set
Painting Guardian Hood,1.4,1.9,1.5,1.9,1.9,4.3,1.9,2.3,1.9,25,30,15,25,0.6,Head,Painting Guarding Set
Painting Guardian Gown,3.5,4.4,3.1,4.4,4.4,11.1,4.4,5.4,4.4,59,71,36,60,0.5,Body,Painting Guarding Set
Painting Guardian Gloves,1.3,0.8,0.5,0.8,0.8,2.5,0.8,1.1,0.8,21,25,13,21,0.2,Arms,Painting Guarding Set
Painting Guardian Waistcloth,4.4,3.5,2.9,3.5,4.8,6.5,5.3,2.9,2.9,42,31,17,22,4.2,Legs,Painting Guarding Set
Hood Of Prayer,1.3,0.8,0.8,0.8,0.8,3.9,3.5,3.7,4.4,8,28,13,40,0.2,Head,Prayer Set
Robe Of Prayer,3.4,3.6,3.2,3.6,3.2,13.5,13.1,13.1,14.6,13,61,24,89,1.3,Body,Prayer Set
Skirt Of Prayer,2,1.6,1.9,1.6,1.4,6.9,6.7,6.7,7.6,14,39,18,58,0,Legs,Prayer Set
Pyromancer Crown,1.1,0.7,0.7,0.7,0.7,4.2,4.8,3.6,4,9,14,15,21,0,Head,Pyromancer Set
Pyromancer Garb,4.2,4.4,3.7,3.7,3.7,12,13.1,12,14.1,22,50,43,74,0.9,Body,Pyromancer Set
Pyromancer Wrap,1.5,1.4,1.4,1.2,1.2,3.5,3.6,3.5,3.6,6,14,11,22,0.8,Arms,Pyromancer Set
Pyromancer Trousers,2.6,2.7,2.2,2.2,2.2,7.1,8.1,7.5,7.8,14,43,26,47,1.2,Legs,Pyromancer Set
Pontiff Knight Crown,2.7,2.8,1.4,2.8,2.5,4.7,3.3,4.3,5,15,12,31,10,2,Head,Pontiff Knight Set
Pontiff Knight Armor,7.3,9.3,5.5,9.3,8.6,12.9,9.3,11.9,13.3,40,36,81,29,6,Body,Pontiff Knight Set
Pontiff Knight Gauntlets,2.2,2.1,1.1,2.1,1.9,3.6,2.6,3.3,3.7,14,13,28,10,0.7,Arms,Pontiff Knight Set
Pontiff Knight Leggings,4.3,5.1,3,5.1,4.7,7.6,5.5,7,7.8,23,21,48,16,2.8,Legs,Pontiff Knight Set
Sellsword Helm,3.1,3.1,3.3,3.6,3.9,2.7,2.7,2.7,2.7,27,17,16,12,3.5,Head,Sellsword Set
Sellsword Armor,10.8,12.2,12.2,12.2,12.2,10.5,9.1,7.3,10.5,59,39,35,26,11.5,Body,Sellsword Set
Sellsword Gauntlets,1.4,1.4,1.4,0.8,1.6,0.6,0.8,0.8,0.6,15,10,11,8,0,Arms,Sellsword Set
Sellsword Trousers,3.6,4.7,5.1,4.2,4.7,2.3,3.7,2.3,2.3,28,17,19,9,3.4,Legs,Sellsword Set
Shadow Mask,1.5,2.5,2.2,1.7,2.5,2,1.5,2,1.1,15,18,20,18,0.4,Head,Shadow Set
Shadow Garb,3.7,6.8,5.5,4.4,6.8,4.2,5.2,6.6,4.2,27,40,38,34,2.2,Body,Shadow Set
Shadow Gauntlets,1.3,1.6,1.4,1.6,1.6,1.6,1.9,2.2,1.6,10,15,14,13,1.1,Arms,Shadow Set
Shadow Leggings,2.3,4.2,3.5,2.9,4.2,3.1,3.7,4.5,3.1,16,24,23,21,2.1,Legs,Shadow Set
Silver Knight Helm,6.1,4.8,4.5,5.1,5,4.7,4.5,4.1,4.1,24,19,17,13,6.2,Head,Silver Knight Set
Silver Knight Armor,15,13.4,12.7,14.1,13.7,12.9,12.4,11.4,11.4,65,55,50,39,18.2,Body,Silver Knight Set
Silver Knight Gauntlets,4.7,3.5,2.9,3.6,3.6,2.9,2.8,2.5,2.5,22,18,17,14,3.3,Arms,Silver Knight Set
Silver Knight Leggings,9.1,7.6,7,7.9,7.8,7.3,7,6.3,6.3,36,28,25,20,9.8,Legs,Silver Knight Set
Sorcerer Hood,1.4,1,1,1,0.9,4.4,4,4.2,4.5,11,18,14,30,0.1,Head,Sorcerer Set
Sorcerer Robe,4.1,4.5,4.5,4.5,3.8,13.1,12.4,12.6,13.1,25,40,33,71,1.7,Body,Sorcerer Set
Sorcerer Gloves,1.3,1.3,1.3,1.3,1.1,3.5,3.3,3.4,3.5,8,13,10,23,0.6,Arms,Sorcerer Set
Sorcerer Trousers,3.2,3.4,4.1,3.4,3.4,6,7.5,7.6,6.7,22,26,31,28,1.3,Legs,Sorcerer Set
Sunset Helm,5,4.9,4.3,4.7,4.7,2.9,3.5,2.1,3.5,26,25,14,15,3.4,Head,Sunset Set
Sunset Armor,13.8,13.4,11.2,13.6,13.1,9.1,11.2,8.3,10.5,63,58,39,42,14.7,Body,Sunset Set
Sunset Gauntlets,4.5,3.7,3.4,3.6,3.5,2.4,3,2.2,2.8,24,22,16,17,3.5,Arms,Sunset Set
Sunset Leggings,7.2,7.2,5.5,7.4,7.2,4.1,5.5,3.3,5.1,40,35,26,26,5.8,Legs,Sunset Set
Undead Legion Helm,4,3.8,4,2.6,3.5,4.7,4.8,4.9,4.2,19,24,29,21,2.3,Head,Undead Legion Set
Undead Legion Armor,7.6,10.4,10.4,5.9,9,12.6,13,13.2,10.4,39,51,65,42,4.9,Body,Undead Legion Set
Undead Legion Gauntlet,2.4,2.3,2.3,1.2,2,2.9,3,3,2.3,16,20,24,17,0.8,Arms,Undead Legion Set
Undead Legion Leggings,4.6,5.6,5.6,3.1,4.8,6.9,7.1,7.2,5.6,27,35,43,29,2.6,Legs,Undead Legion Set
Winged Knight Helm,7.4,5.3,4.7,5.2,5,4.2,4.8,4.5,5.4,31,29,29,18,6,Head,Winged Knight Set
Winged Knight Armor,19,14.5,13,14.1,13.8,14,13.8,14.6,16,73,60,68,45,21.8,Body,Winged Knight Set
Winged Knight Gauntlets,6.3,3.8,3.3,3.7,3.5,3.5,3.9,3.7,4.3,22,21,21,13,4.9,Arms,Winged Knight Set
Winged Knight Leggings,11,8.3,7.4,8.1,7.9,7.1,6.9,7.4,8,42,32,39,24,12,Legs,Winged Knight Set
Worker Hat,2.3,1.9,2.7,2.2,2.2,3,2.5,2.5,4.5,16,31,20,27,1.1,Head,Worker Set
Worker Garb,4.2,4.4,6.8,5.5,5.5,6.6,5.2,5.2,10.9,34,68,43,60,2.3,Body,Worker Set
Worker Gloves,1.4,0.9,1.5,1.1,1.1,1.2,0.9,0.9,2.3,11,22,14,19,0.8,Arms,Worker Set
Worker Trousers,2.9,2.9,4.2,3.5,3.5,4.5,3.7,3.7,7,23,44,28,39,1.6,Legs,Worker Set
Xanthous Crown,3,2.1,2.6,2.6,2.1,4.6,2.2,4.8,4.6,21,27,24,27,1.3,Head,Xanthous Set
Xanthous Overcoat,8.6,10.1,6.9,10.7,9.4,11.7,5.5,10,11.7,39,46,33,22,7.7,Body,Xanthous Set
Xanthous Gloves,2,1.8,2,1.2,1.8,2.7,1.2,2.9,2.6,15,22,22,18,0.8,Arms,Xanthous Set
Xanthous Trousers,3.9,4.6,5.1,3.4,4.6,7,3.4,7.4,6.7,22,35,35,28,1.5,Legs,Xanthous Set
Smough's Helm,12.2,6.2,6.7,5.3,4.9,4.7,4.6,4.9,4.9,27,27,27,24,9.9,Head,Smough's Set
Smough's Armor,23.8,17.1,18.5,14.9,13.8,13.3,13,13.8,13.1,69,69,69,62,27.1,Body,Smough's Set
Smough's Gauntlets,9.7,4.3,4.7,3.7,3.4,3.3,3.2,3.4,3.5,20,20,20,18,6.9,Arms,Smough's Set
Smough's Leggings,16.3,9.9,10.7,8.5,7.9,7.6,7.4,7.9,7.6,43,43,43,39,17.3,Legs,Smough's Set
Wolf Knight Helm,4.2,4.4,3.8,4.4,4.4,3,4.2,2.2,3.8,23,16,17,17,2.9,Head,Wolf Knight Set
Wolf Knight Armor,9,11.8,10.1,11.8,11.8,7.8,11.2,5.5,10,46,32,33,33,8,Body,Wolf Knight Set
Wolf Knight Gauntlets,3.1,3.2,2.8,3.2,3.2,2,3.1,1.4,2.7,18,13,14,14,1.6,Arms,Wolf Knight Set
Wolf Knight Leggings,5.1,6.6,5.5,6.6,6.6,4.2,6.4,2.8,5.6,25,15,19,19,4.6,Legs,Wolf Knight Set
Karla's Pointed Hat,1.7,1.6,1.4,1.4,1.2,5,4.7,4.9,4.9,9,15,13,23,0.4,Head,Karla's Set
Karla's Coat,3.6,3.9,3.9,3.9,2.9,14.1,13.3,13.8,13.8,20,35,31,53,1.3,Body,Karla's Set
Karla's Gloves,1.2,0.8,0.9,0.9,0.9,3.5,3.3,3.4,3.4,7,12,10,18,0.3,Arms,Karla's Set
Karla's Trousers,2.6,2.6,2.6,2.6,1.9,8.3,7.7,8.1,8.1,14,23,21,36,1.1,Legs,Karla's Set
Ragged Mask,0.7,1.1,1.1,1.1,1.1,3.8,3.2,3.5,3.8,13,25,7,29,0.4,Head,Ragged Mask Set
Gundyr's Helm,7.6,4.9,4.4,6,4.7,4.4,4.5,4.3,4.4,35,25,25,25,7.2,Head,Gundyr's Set
Gundyr's Armor,18,14.4,13,17.2,13.6,13,13.5,12.8,13,86,62,62,62,21.5,Body,Gundyr's Set
Gundyr's Gauntlets,6.1,3.7,3.3,4.4,3.5,3.4,3.5,3.3,3.4,29,21,21,21,5.2,Arms,Gundyr's Set
Gundyr's Leggings,10.3,7.9,7,9.1,7.4,7,7.2,6.9,7,48,36,36,36,12.3,Legs,Gundyr's Set
Sunless Veil,1.8,1.7,1.2,1.2,1.3,5.2,4.7,4.8,5.3,7,14,10,30,0.7,Head,Sunless Set
Sunless Armor,9.2,11.7,9.1,12.2,11.7,11.2,9.8,6,11.7,43,25,33,37,8.5,Body,Sunless Set
Sunless Gauntlets,3.6,2.6,2,2.8,2.6,2.5,2.2,1.4,2.6,13,7,9,7,1.7,Arms,Sunless Set
Sunless Leggings,5.7,6.2,4.7,6.5,6.2,5.9,5.1,2.9,6.2,27,18,21,18,4.7,Legs,Sunless Set
Lorian's Helm,5.6,5,3.2,4.8,3.5,4.7,3.3,3.3,4.8,24,12,17,15,3.9,Head,Lorian's Set
Lorian's Armor,15.3,14.1,9.4,13.7,13.3,13.1,10.7,10.7,13.3,67,41,61,50,15.5,Body,Lorian's Set
Lorian's Gauntlets,3,3.1,2.2,3,2.9,2.7,1.5,1.5,2.9,16,7,11,10,1.8,Arms,Lorian's Set
Lorian's Leggings,7,7.6,5.5,7.5,7.3,7.3,4.7,4.7,7.4,38,21,27,25,6.3,Legs,Lorian's Set
Loincloth,1.1,1.9,1.9,1.9,1.6,5.8,4.9,5.4,5.8,20,35,10,43,0.4,Legs,Loincloth Set
Wolnir's Crown,3.4,3.1,3.1,3.1,2.8,3.9,4.3,4.5,4.9,18,29,27,37,1.8,Head,Wolnir's Set
Clandestine Coat,3,4.2,4.2,4.2,3.6,13.5,12.9,13.1,13.5,25,36,30,65,0.9,Body,Clandestine Set
Thrall Hood,1.5,2,1.4,1.6,1.2,4.2,3.8,4,4.2,17,28,19,38,0.8,Head,Thrall Set
Standard Helm,3.7,3.7,3.7,3.7,3.7,3,3.3,2.4,3,22,29,27,24,2.5,Head,Hard Leather Set
Sage's Big Hat,1.9,2.5,2,2,1.6,5.2,3.6,4.6,4.6,15,21,13,26,0.4,Head,Sage's Big Hat Set
Symbol of Avarice,11,4.9,4.8,4.5,4.2,4.1,3.4,4.8,3.8,27,27,27,22,8.9,Head,Symbol of Avarice Set
Grave Warden Wrap,1.2,0.8,0.5,1.8,1,1.9,1.9,2.5,0.6,20,18,3,16,0,Arms,Grave Warden Set
Scholar's Robe,4.2,6.9,2.8,4.5,5.6,13.3,11.2,12.8,12.6,36,43,39,71,3.6,Body,Scholar's Robe Set
Follower Armor,5.6,7.1,10.2,8,9.5,10.2,8.8,10.9,8.8,37,59,65,48,2.7,Body,Follower Set
Follower Gloves,1.7,1.7,2.5,1.9,2.3,2.5,2.1,2.7,2.1,12,20,22,16,0.6,Arms,Follower Set
Follower Helm,3.7,4.2,4,4.4,4.5,3.4,3.1,2.5,2.8,21,14,21,10,3,Head,Follower Set
Follower Boots,3.3,4,5.8,4.5,5.4,5.8,5,6.2,5,23,36,40,30,1.6,Legs,Follower Set
Millwood Knight Armor,16.4,14.7,12.8,14.1,13.3,12.8,12.4,12.8,12.4,67,61,69,37,17.7,Body,Millwood Set
Millwood Knight Gauntlets,5.5,3.7,3.2,3.5,3.3,3.2,3.1,3.2,3.1,22,20,23,12,4.1,Arms,Millwood Set
Millwood Knight Helm,7.1,5.3,4.6,5,4.7,4.6,4.4,4.6,4.4,29,26,30,16,6,Head,Millwood Set
Millwood Knight Leggings,10.2,8.4,7.3,8.1,7.6,7.3,7.1,7.3,7.1,41,38,43,23,10.9,Legs,Millwood Set
Ordained Dress,4.4,5.7,3.9,8,2.9,14.5,11.4,12.6,12.6,20,53,48,69,2.7,Body,Ordained Set
Ordained Hood,1.9,2,1.4,2.8,1,5.2,4,4.6,4.5,9,19,21,32,0.4,Head,Ordained Set
Ordained Trousers,2.8,3.2,2.2,4.5,1.6,8.3,6.5,7.2,7.2,12,33,30,43,1.6,Legs,Ordained Set
Slave Knight Armor,8.7,13.1,10.9,12.8,10.2,5.7,8,5.7,7.1,61,34,35,20,9.1,Body,Slave Set
Slave Knight Gauntlets,3,3.2,2.7,3.2,2.5,1.4,1.9,1.4,1.7,20,11,12,7,2,Arms,Slave Set
Slave Knight Hood,3.8,4.7,3.8,4.6,3.6,2,2.8,2,2.5,26,14,15,9,3,Head,Slave Set
Slave Knight Leggings,5.4,7.5,6.2,7.3,5.8,3.2,4.5,3.2,4,38,21,22,12,5.5,Legs,Slave Set
Vilhelm's Armor,11,12.8,9.5,12.6,13.3,8.8,12.4,5.7,11.4,44,35,37,31,12.8,Body,Vilhelm's Set
Vilhelm's Gauntlets,3.8,3.2,2.3,3.1,3.3,2.1,3.1,1.4,2.8,15,12,12,10,2.9,Arms,Vilhelm's Set
Vilhelm's Helm,4.8,4.6,3.4,4.5,4.7,3.1,4.4,2,4,19,15,16,13,4.3,Head,Vilhelm's Set
Vilhelm's Leggings,6.9,7.3,5.4,7.2,7.6,5,7.1,3.2,6.5,27,22,23,19,7.8,Legs,Vilhelm's Set